name,gender,race/ethnicity,parental level of education,lunch,test preparation course,math score,reading score,writing score
Marc Nguyen,female,group B,bachelor's degree,standard,none,72,72,74
Chris Johnson,female,group C,some college,standard,completed,69,90,88
Melissa Tucker,female,group B,master's degree,standard,none,90,95,93
Troy Nguyen,male,group A,associate's degree,free/reduced,none,47,57,44
Mary Hardy,male,group C,some college,standard,none,76,78,75
Michael Young,female,group B,associate's degree,standard,none,71,83,78
Christopher Butler,female,group B,some college,standard,completed,88,95,92
Marcus Brown,male,group B,some college,free/reduced,none,40,43,39
Mr. Timothy Rodriguez,male,group D,high school,free/reduced,completed,64,64,67
Lisa Medina,female,group B,high school,free/reduced,none,38,60,50
Lisa Gonzalez DDS,male,group C,associate's degree,standard,none,58,54,52
Kenneth Jenkins,male,group D,associate's degree,standard,none,40,52,43
Christopher Collier,female,group B,high school,standard,none,65,81,73
Derek Williams,male,group A,some college,standard,completed,78,72,70
Lindsay Fisher,female,group A,master's degree,standard,none,50,53,58
Kaylee Hall,female,group C,some high school,standard,none,69,75,78
William Jenkins,male,group C,high school,standard,none,88,89,86
Derek Rose,female,group B,some high school,free/reduced,none,18,32,28
Dr. Jonathan Yang,male,group C,master's degree,free/reduced,completed,46,42,46
Kevin Gonzalez,female,group C,associate's degree,free/reduced,none,54,58,61
Randy Martin,male,group D,high school,standard,none,66,69,63
Alice Conner,female,group B,some college,free/reduced,completed,65,75,70
Frederick Hayes,male,group D,some college,standard,none,44,54,53
John Gonzalez,female,group C,some high school,standard,none,69,73,73
Eduardo Mitchell,male,group D,bachelor's degree,free/reduced,completed,74,71,80
William Harris,male,group A,master's degree,free/reduced,none,73,74,72
Annette Sims,male,group B,some college,standard,none,69,54,55
Adrian Ortega,female,group C,bachelor's degree,standard,none,67,69,75
Edgar Walker,male,group C,high school,standard,none,70,70,65
Aimee Moon,female,group D,master's degree,standard,none,62,70,75
Jeffrey Griffin,female,group D,some college,standard,none,69,74,74
Brian Beck,female,group B,some college,standard,none,63,65,61
Michelle Zimmerman,female,group E,master's degree,free/reduced,none,56,72,65
Ryan Vasquez,male,group D,some college,standard,none,40,42,38
Robert Hester,male,group E,some college,standard,none,97,87,82
Daniel Wallace,male,group E,associate's degree,standard,completed,81,81,79
Jason Serrano,female,group D,associate's degree,standard,none,74,81,83
Cynthia Anderson,female,group D,some high school,free/reduced,none,50,64,59
Andrea Melendez,female,group D,associate's degree,free/reduced,completed,75,90,88
Kevin Mata,male,group B,associate's degree,free/reduced,none,57,56,57
Allen Garcia,male,group C,associate's degree,free/reduced,none,55,61,54
Samantha Mullins,female,group C,associate's degree,standard,none,58,73,68
Patricia Ramsey,female,group B,associate's degree,standard,none,53,58,65
Cynthia Brooks,male,group B,some college,free/reduced,completed,59,65,66
Carolyn Lamb,female,group E,associate's degree,free/reduced,none,50,56,54
Michael Lewis DVM,male,group B,associate's degree,standard,none,65,54,57
Kathleen Brown DVM,female,group A,associate's degree,standard,completed,55,65,62
Kimberly Mullen,female,group C,high school,standard,none,66,71,76
Robert Smith,female,group D,associate's degree,free/reduced,completed,57,74,76
Shannon Castillo,male,group C,high school,standard,completed,82,84,82
Andrea Brown,male,group E,some college,standard,none,53,55,48
Lisa Howell,male,group E,associate's degree,free/reduced,completed,77,69,68
Edward Smith,male,group C,some college,standard,none,53,44,42
Lindsey Jones,male,group D,high school,standard,none,88,78,75
Kathleen Thompson,female,group C,some high school,free/reduced,completed,71,84,87
Cheryl Johnston,female,group C,high school,free/reduced,none,33,41,43
Mr. Steven Fowler,female,group E,associate's degree,standard,completed,82,85,86
Kevin Bridges,male,group D,associate's degree,standard,none,52,55,49
Patrick Donovan,male,group D,some college,standard,completed,58,59,58
Amy Barnes,female,group C,some high school,free/reduced,none,0,17,10
Joe Flowers,male,group E,bachelor's degree,free/reduced,completed,79,74,72
Rebecca Blackburn,male,group A,some high school,free/reduced,none,39,39,34
Samuel Moses,male,group A,associate's degree,free/reduced,none,62,61,55
Hannah Mitchell,female,group C,associate's degree,standard,none,69,80,71
Jennifer Clay,female,group D,some high school,standard,none,59,58,59
Carol Villanueva,male,group B,some high school,standard,none,67,64,61
Mary Arias,male,group D,some high school,free/reduced,none,45,37,37
Brittany Harris,female,group C,some college,standard,none,60,72,74
Laura Gibson,male,group B,associate's degree,free/reduced,none,61,58,56
Rachel Wade DVM,female,group C,associate's degree,standard,none,39,64,57
Nicole Pierce,female,group D,some college,free/reduced,completed,58,63,73
Tammy Young,male,group D,some college,standard,completed,63,55,63
Brandon Torres,female,group A,associate's degree,free/reduced,none,41,51,48
Mr. Matthew Hernandez,male,group C,some high school,free/reduced,none,61,57,56
Steve Krueger,male,group C,some high school,standard,none,49,49,41
Amanda Ford,male,group B,associate's degree,free/reduced,none,44,41,38
Mrs. Hannah Peters,male,group E,some high school,standard,none,30,26,22
Danielle Bonilla,male,group A,bachelor's degree,standard,completed,80,78,81
Raymond Collins,female,group D,some high school,standard,completed,61,74,72
Lauren Jordan,female,group E,master's degree,standard,none,62,68,68
Brian Jensen,female,group B,associate's degree,standard,none,47,49,50
Heather White,male,group B,high school,free/reduced,none,49,45,45
Jessica Lee,male,group A,some college,free/reduced,completed,50,47,54
April Nguyen,male,group E,associate's degree,standard,none,72,64,63
Joel Rivera,male,group D,high school,free/reduced,none,42,39,34
Thomas Rodriguez,female,group C,some college,standard,none,73,80,82
Brian Berry,female,group C,some college,free/reduced,none,76,83,88
Joseph Bennett,female,group D,associate's degree,standard,none,71,71,74
Kevin Harrington,female,group A,some college,standard,none,58,70,67
Sonya Moses,female,group D,some high school,standard,none,73,86,82
Jeffrey Stewart,female,group C,bachelor's degree,standard,none,65,72,74
Kevin Chaney,male,group C,high school,free/reduced,none,27,34,36
Christina Roberts,male,group C,high school,standard,none,71,79,71
Miranda Figueroa,male,group C,associate's degree,free/reduced,completed,43,45,50
Bradley Cole,female,group B,some college,standard,none,79,86,92
Katherine Henry,male,group C,associate's degree,free/reduced,completed,78,81,82
Jason Cox,male,group B,some high school,standard,completed,65,66,62
Ryan Chase,female,group E,some college,standard,completed,63,72,70
Natalie Butler,female,group D,some college,free/reduced,none,58,67,62
Stephen Watson,female,group D,bachelor's degree,standard,none,65,67,62
Kelly Cruz,male,group B,some college,standard,none,79,67,67
Tabitha Frye,male,group D,bachelor's degree,standard,completed,68,74,74
Nicholas Daniel,female,group D,associate's degree,standard,none,85,91,89
Stephanie Christensen,male,group B,high school,standard,completed,60,44,47
Sergio Patrick,male,group C,some college,standard,completed,98,86,90
Mark Bradshaw,female,group C,some college,standard,none,58,67,72
James Merritt,female,group D,master's degree,standard,none,87,100,100
Kyle Delgado,male,group E,associate's degree,standard,completed,66,63,64
Jacob Harris,female,group B,associate's degree,free/reduced,none,52,76,70
Brian Bautista,female,group B,some high school,standard,none,70,64,72
Kimberly Smith,female,group D,associate's degree,free/reduced,completed,77,89,98
Larry Wright,male,group C,high school,standard,none,62,55,49
Vanessa Carlson,male,group A,associate's degree,standard,none,54,53,47
David Webb,female,group D,some college,standard,none,51,58,54
Jesse Perry,female,group E,bachelor's degree,standard,completed,99,100,100
Joseph Greene,male,group C,high school,standard,none,84,77,74
Cynthia Beasley,female,group B,bachelor's degree,free/reduced,none,75,85,82
Marisa Singleton,female,group D,bachelor's degree,standard,none,78,82,79
Debra Lee,female,group D,some high school,standard,none,51,63,61
Jessica Parker,female,group C,some college,standard,none,55,69,65
Steven Friedman,female,group C,bachelor's degree,standard,completed,79,92,89
Sandra Ibarra,male,group B,associate's degree,standard,completed,91,89,92
David Flores,female,group C,some college,standard,completed,88,93,93
Lisa Webb,male,group D,high school,free/reduced,none,63,57,56
Melissa Glass,male,group E,some college,standard,none,83,80,73
Nancy Hernandez,female,group B,high school,standard,none,87,95,86
William Steele,male,group B,some high school,standard,none,72,68,67
Amber Swanson,male,group D,some college,standard,completed,65,77,74
Haley Marshall,male,group D,master's degree,standard,none,82,82,74
David Trevino,female,group A,bachelor's degree,standard,none,51,49,51
Chad Thornton,male,group D,master's degree,standard,none,89,84,82
Sarah Mann,male,group C,some high school,free/reduced,completed,53,37,40
Victor Long,male,group E,some college,free/reduced,completed,87,74,70
Ashley Smith,female,group C,some college,standard,completed,75,81,84
Christopher Phillips,male,group D,bachelor's degree,free/reduced,completed,74,79,75
Andrew Jimenez,male,group C,bachelor's degree,standard,none,58,55,48
Mr. Ronald Hahn,male,group B,some high school,standard,completed,51,54,41
Bobby Mclaughlin,male,group E,high school,standard,none,70,55,56
Mary Combs,female,group C,associate's degree,standard,none,59,66,67
Christie Russell,male,group D,some college,standard,completed,71,61,69
Mary Mckay,female,group D,some high school,standard,none,76,72,71
Amanda Matthews,female,group C,some college,free/reduced,none,59,62,64
Joshua Wood,female,group E,some college,free/reduced,completed,42,55,54
John Williams,male,group A,high school,standard,none,57,43,47
Jose Cross,male,group D,some college,standard,none,88,73,78
Sarah Horton,female,group C,some college,free/reduced,none,22,39,33
Jesse Jones,male,group B,some high school,standard,none,88,84,75
Jessica Johnson,male,group C,associate's degree,free/reduced,none,73,68,66
Lisa Andrews,female,group D,bachelor's degree,standard,completed,68,75,81
Mr. Wayne Freeman DVM,male,group E,associate's degree,free/reduced,completed,100,100,93
Carlos Williams,male,group A,some high school,standard,completed,62,67,69
Heidi Wilkins,male,group A,bachelor's degree,standard,none,77,67,68
Judith Anderson,female,group B,associate's degree,standard,completed,59,70,66
Rhonda Brooks,male,group D,bachelor's degree,standard,none,54,49,47
Deborah Jones,male,group D,some high school,standard,none,62,67,61
Donald Hughes,female,group C,some college,standard,completed,70,89,88
Patrick Bishop,female,group E,high school,free/reduced,completed,66,74,78
Travis Kelley,male,group B,some college,free/reduced,none,60,60,60
Melissa Taylor,female,group B,associate's degree,standard,completed,61,86,87
Marcus Hamilton,male,group D,associate's degree,free/reduced,none,66,62,64
Charles Walsh,male,group B,associate's degree,free/reduced,completed,82,78,74
Lisa Sanders,female,group E,some college,free/reduced,completed,75,88,85
Linda Davis,male,group B,master's degree,free/reduced,none,49,53,52
Daniel Baker,male,group C,high school,standard,none,52,53,49
Jessica Harrison,female,group E,master's degree,standard,none,81,92,91
Barbara Love,female,group C,bachelor's degree,standard,completed,96,100,100
Joshua Snow,male,group C,high school,free/reduced,completed,53,51,51
Jeff Marks,female,group B,master's degree,free/reduced,completed,58,76,78
Andrew Russo IV,female,group B,high school,standard,completed,68,83,78
Connie Rodriguez,female,group C,some college,free/reduced,completed,67,75,70
Sheila Richardson,male,group A,high school,standard,completed,72,73,74
Isaiah Thomas,male,group E,some high school,standard,none,94,88,78
Amanda Gonzalez,female,group D,some college,standard,none,79,86,81
Joel Williams,female,group C,associate's degree,standard,none,63,67,70
Jason Davis,female,group C,bachelor's degree,free/reduced,completed,43,51,54
William Dominguez,female,group C,master's degree,standard,completed,81,91,87
Samuel Johnson,female,group B,high school,free/reduced,completed,46,54,58
Michael Anderson,female,group C,associate's degree,standard,completed,71,77,77
Jose Jackson,female,group B,master's degree,free/reduced,completed,52,70,62
Rachel Gonzalez,female,group D,some high school,standard,completed,97,100,100
Cynthia Santiago,male,group C,master's degree,free/reduced,completed,62,68,75
Mitchell Wall,female,group C,some college,free/reduced,none,46,64,66
Tanya Blake,female,group E,high school,standard,none,50,50,47
Stephen Owens,female,group D,associate's degree,standard,none,65,69,70
Daniel Cruz,male,group C,some high school,free/reduced,completed,45,52,49
Anthony Morgan,male,group C,associate's degree,free/reduced,completed,65,67,65
Nicole Williamson,male,group E,high school,standard,none,80,76,65
Katherine Johnson,male,group D,some high school,standard,completed,62,66,68
Justin Shaffer,male,group B,some high school,free/reduced,none,48,52,45
Nathan Holmes,female,group C,bachelor's degree,standard,none,77,88,87
Joshua Hayes,female,group E,associate's degree,standard,none,66,65,69
Kathryn Bryant,male,group D,some college,standard,completed,76,83,79
Lisa Norman,female,group B,some high school,standard,none,62,64,66
Joy Manning,male,group D,some college,standard,completed,77,62,62
Dr. Todd Weaver,female,group C,master's degree,standard,completed,69,84,85
Natalie Lewis,male,group D,associate's degree,standard,none,61,55,52
Greg Eaton,male,group C,some high school,free/reduced,completed,59,69,65
William Scott,male,group E,high school,free/reduced,none,55,56,51
Megan Long,female,group B,some college,free/reduced,none,45,53,55
John Washington,female,group B,bachelor's degree,free/reduced,none,78,79,76
Debra Smith,female,group C,associate's degree,standard,completed,67,84,86
Tammy May,female,group D,some college,free/reduced,none,65,81,77
Laura Dunn,male,group C,associate's degree,standard,none,69,77,69
David Yoder,female,group B,associate's degree,standard,none,57,69,68
Kayla Bell,male,group C,some college,standard,none,59,41,42
Renee Henderson,male,group D,some high school,standard,completed,74,71,78
Maria Hobbs,male,group E,bachelor's degree,standard,none,82,62,62
Drew Ho,male,group E,high school,standard,completed,81,80,76
Christopher Gill,female,group B,some college,free/reduced,none,74,81,76
Isaac Gonzales,female,group B,some college,free/reduced,none,58,61,66
Eric Martin,male,group D,some high school,free/reduced,completed,80,79,79
Joseph Davis,male,group C,some college,free/reduced,none,35,28,27
Brittney Reyes,female,group C,high school,free/reduced,none,42,62,60
Rebekah Vasquez,male,group C,associate's degree,free/reduced,completed,60,51,56
Robert Henry,male,group E,high school,standard,completed,87,91,81
Rachel Le,male,group B,some high school,standard,completed,84,83,75
Dr. Barbara Rice,female,group E,associate's degree,free/reduced,completed,83,86,88
Carlos Wade,female,group C,high school,free/reduced,none,34,42,39
Joshua Gilbert,male,group B,high school,free/reduced,none,66,77,70
Brett Fowler,male,group B,some high school,standard,completed,61,56,56
Mr. Michael Murray,female,group D,high school,standard,completed,56,68,74
Nicole Hansen,male,group B,associate's degree,standard,none,87,85,73
Teresa Mendoza,female,group C,some high school,free/reduced,none,55,65,62
Zachary Murphy,male,group D,some high school,standard,none,86,80,75
Francisco Wang,female,group B,associate's degree,standard,completed,52,66,73
Hannah Tran,female,group E,master's degree,free/reduced,none,45,56,54
Joshua Ramirez,female,group C,some college,standard,none,72,72,71
Brittany Dougherty,male,group D,high school,standard,none,57,50,54
Christopher Wilson,male,group A,some high school,free/reduced,none,68,72,64
Stephanie Baker,female,group C,some college,standard,completed,88,95,94
Bethany Miller,male,group D,some college,standard,none,76,64,66
David Powell,male,group C,associate's degree,standard,none,46,43,42
Emily Sanchez,female,group B,bachelor's degree,standard,none,67,86,83
Christy Valdez,male,group E,some high school,standard,none,92,87,78
Todd Howard,male,group C,bachelor's degree,standard,completed,83,82,84
Morgan Robertson,male,group D,associate's degree,standard,none,80,75,77
Mitchell Marshall,male,group D,bachelor's degree,free/reduced,none,63,66,67
Amanda Phillips,female,group D,some high school,standard,completed,64,60,74
Timothy Perez,male,group B,some college,standard,none,54,52,51
Linda Ballard,male,group C,associate's degree,standard,none,84,80,80
Brett Underwood,male,group D,high school,free/reduced,completed,73,68,66
George Peterson,female,group E,bachelor's degree,standard,none,80,83,83
Kimberly Atkins,female,group D,high school,standard,none,56,52,55
Scott French,male,group E,some college,standard,none,59,51,43
Kristina Burnett,male,group D,some high school,standard,none,75,74,69
Shelly Warner,male,group C,associate's degree,standard,none,85,76,71
Julian Mcfarland,male,group E,associate's degree,standard,none,89,76,74
Elizabeth Robinson,female,group B,high school,standard,completed,58,70,68
Oscar Flores,female,group B,high school,standard,none,65,64,62
Linda Gibson,male,group C,high school,standard,none,68,60,53
Sarah Stewart,male,group A,some high school,standard,completed,47,49,49
Scott Smith,female,group D,some college,free/reduced,none,71,83,83
Brian Watts,female,group B,some high school,standard,completed,60,70,70
Julia Wagner,male,group D,master's degree,standard,none,80,80,72
Gregory Cox,male,group D,high school,standard,none,54,52,52
Jenna Sullivan,female,group E,some college,standard,none,62,73,70
Douglas Kelley,female,group C,associate's degree,free/reduced,none,64,73,68
Beverly Sullivan,male,group C,associate's degree,standard,completed,78,77,77
Garrett Riley,female,group B,some college,standard,none,70,75,78
Natalie Ortiz,female,group C,master's degree,free/reduced,completed,65,81,81
Catherine Reeves,female,group C,some high school,free/reduced,completed,64,79,77
Lucas Kramer,male,group C,some college,standard,completed,79,79,78
Rebecca Day,female,group C,some high school,free/reduced,none,44,50,51
Todd Thompson,female,group E,high school,standard,none,99,93,90
Christina Bernard,male,group D,high school,standard,none,76,73,68
John Bryant,male,group D,some high school,free/reduced,none,59,42,41
Jeffrey Summers,female,group C,bachelor's degree,standard,none,63,75,81
Jennifer Sanders,female,group D,high school,standard,none,69,72,77
Matthew Freeman,female,group D,associate's degree,standard,completed,88,92,95
Maria Cabrera,female,group E,some college,free/reduced,none,71,76,70
Cindy Williams,male,group C,bachelor's degree,standard,none,69,63,61
Wesley Garcia,male,group C,some college,standard,none,58,49,42
Andrew Hayes,female,group D,associate's degree,free/reduced,none,47,53,58
Carrie Johnston,female,group D,some college,standard,none,65,70,71
Emily Raymond,male,group B,some college,standard,completed,88,85,76
Shane Cole,male,group C,bachelor's degree,standard,none,83,78,73
Ian Martinez,female,group C,some high school,standard,completed,85,92,93
Cindy Smith,female,group E,high school,standard,completed,59,63,75
Mrs. Michelle Bishop,female,group C,some high school,free/reduced,none,65,86,80
James Swanson,male,group B,bachelor's degree,free/reduced,none,73,56,57
Ashley Johnson,male,group D,high school,standard,none,53,52,42
Jennifer Webb,male,group D,high school,standard,none,45,48,46
Jordan Huff,female,group D,bachelor's degree,free/reduced,none,73,79,84
Adam White,female,group D,some college,free/reduced,completed,70,78,78
Sydney Galloway,female,group B,some high school,standard,none,37,46,46
Laura Ford,male,group B,associate's degree,standard,completed,81,82,82
Nancy Reed,male,group E,associate's degree,standard,completed,97,82,88
John Hartman,female,group B,some high school,standard,none,67,89,82
Steven Rodriguez,male,group B,bachelor's degree,free/reduced,none,88,75,76
Tiffany Ellis,male,group E,some high school,standard,completed,77,76,77
Jackie Mcgrath,male,group C,associate's degree,standard,none,76,70,68
Tara Duke,male,group D,some high school,standard,none,86,73,70
William Williams,male,group C,some high school,standard,completed,63,60,57
Tina Carter,female,group E,bachelor's degree,standard,none,65,73,75
Barbara Hoffman,male,group D,high school,free/reduced,completed,78,77,80
Ryan Mitchell,male,group B,associate's degree,free/reduced,none,67,62,60
Lance Ford,male,group A,some high school,standard,completed,46,41,43
Roy Stewart,male,group E,associate's degree,standard,completed,71,74,68
Jennifer Allen,male,group C,high school,free/reduced,completed,40,46,50
Sarah Williams,male,group D,associate's degree,free/reduced,none,90,87,75
Kevin Barr,male,group A,some college,free/reduced,completed,81,78,81
Dale Curry,male,group D,some high school,free/reduced,none,56,54,52
Nathan Gray,female,group C,associate's degree,standard,completed,67,84,81
Barbara Avila,male,group B,associate's degree,standard,none,80,76,64
Tiffany Small,female,group C,associate's degree,standard,completed,74,75,83
Brenda Prince,male,group A,some college,standard,none,69,67,69
Eduardo Zamora,male,group E,some college,standard,completed,99,87,81
Elizabeth Ramirez,male,group C,some high school,standard,none,51,52,44
Denise Walker,female,group B,associate's degree,free/reduced,none,53,71,67
Alicia Hudson,female,group D,high school,free/reduced,none,49,57,52
Angie Pennington,female,group B,associate's degree,standard,none,73,76,80
Kayla Herman,male,group B,bachelor's degree,standard,none,66,60,57
Wayne Frank,male,group D,bachelor's degree,standard,completed,67,61,68
Shelley Sosa,female,group C,associate's degree,free/reduced,completed,68,67,69
Vanessa Foster,female,group C,bachelor's degree,standard,completed,59,64,75
Patrick Mclaughlin,male,group C,high school,standard,none,71,66,65
Justin Mcclain,female,group D,master's degree,standard,completed,77,82,91
Samuel Smith,male,group C,associate's degree,standard,none,83,72,78
Daniel Hampton,male,group B,bachelor's degree,standard,none,63,71,69
Jessica Lewis,female,group D,associate's degree,free/reduced,none,56,65,63
Aaron Parker,female,group C,high school,free/reduced,completed,67,79,84
Teresa Nelson,female,group E,high school,standard,none,75,86,79
Evelyn Harris,female,group C,some college,standard,none,71,81,80
Jesus Parsons,female,group C,some high school,free/reduced,none,43,53,53
Louis Miller,female,group C,high school,free/reduced,none,41,46,43
Valerie Schneider,female,group C,some college,standard,none,82,90,94
Angela Dawson,male,group C,some college,standard,none,61,61,62
Laura Gallegos,male,group A,some college,free/reduced,none,28,23,19
David Collins,male,group C,associate's degree,standard,completed,82,75,77
Leroy Potter,female,group B,some high school,standard,none,41,55,51
Timothy Walker,male,group C,high school,standard,none,71,60,61
Corey Cabrera,male,group C,associate's degree,standard,none,47,37,35
Kristen Williams,male,group E,associate's degree,standard,completed,62,56,53
Emily Hunter,male,group B,associate's degree,standard,none,90,78,81
Robert Allen,female,group C,bachelor's degree,standard,none,83,93,95
Michael Bond,female,group B,some college,free/reduced,none,61,68,66
Julian Thomas,male,group D,some high school,standard,completed,76,70,69
Andrew Rodriguez,male,group C,associate's degree,standard,none,49,51,43
Thomas Davis,female,group B,some high school,free/reduced,none,24,38,27
Jay Moore,female,group D,some high school,free/reduced,completed,35,55,60
Jeremy Anderson,male,group C,high school,free/reduced,none,58,61,52
Lisa Garcia,female,group C,high school,standard,none,61,73,63
Mr. Bruce Avila,female,group B,high school,standard,completed,69,76,74
Jennifer Wolfe,male,group D,associate's degree,standard,completed,67,72,67
Andrew Andersen,male,group D,some college,standard,none,79,73,67
Jennifer Marquez,female,group C,high school,standard,none,72,80,75
Kenneth Horton,male,group B,some college,standard,none,62,61,57
Casey Mcbride,female,group C,bachelor's degree,standard,completed,77,94,95
Victoria Hoffman,male,group D,high school,free/reduced,none,75,74,66
Kenneth Burns,male,group E,associate's degree,standard,none,87,74,76
Kenneth Cook,female,group B,bachelor's degree,standard,none,52,65,69
Christian Lewis,male,group E,some college,standard,none,66,57,52
Nicole Kelly,female,group C,some college,standard,completed,63,78,80
Andrew Bridges,female,group C,associate's degree,standard,none,46,58,57
Shelby Barker,female,group C,some college,standard,none,59,71,70
Stacy Blake,female,group B,bachelor's degree,standard,none,61,72,70
Rita Cline,male,group A,associate's degree,standard,none,63,61,61
Kayla Todd,female,group C,some college,free/reduced,completed,42,66,69
Mary Bond,male,group D,some college,free/reduced,none,59,62,61
Sean Scott,female,group D,some college,standard,none,80,90,89
Patricia Curry MD,female,group B,high school,standard,none,58,62,59
Christopher Stark,male,group B,some high school,standard,completed,85,84,78
John Neal,female,group C,some college,standard,none,52,58,58
Troy Brock,female,group D,some high school,free/reduced,none,27,34,32
Darlene Lewis,male,group C,some college,standard,none,59,60,58
Matthew Ramsey,male,group A,bachelor's degree,free/reduced,completed,49,58,60
Miss Victoria Miller,male,group C,high school,standard,completed,69,58,53
Holly Middleton,male,group C,bachelor's degree,free/reduced,none,61,66,61
Tammy Graham,female,group A,some high school,free/reduced,none,44,64,58
Peggy Smith,female,group D,some high school,standard,none,73,84,85
Dennis Bowers,male,group E,some college,standard,none,84,77,71
Stephanie Wilson,female,group C,some college,free/reduced,completed,45,73,70
David Farley,male,group D,some high school,standard,none,74,74,72
Michelle Chan,female,group D,some college,standard,completed,82,97,96
Bernard Moreno,female,group D,bachelor's degree,standard,none,59,70,73
Chad Rodriguez,male,group E,associate's degree,free/reduced,none,46,43,41
Dalton Gaines,female,group D,some high school,standard,none,80,90,82
Luis Atkinson,female,group D,master's degree,free/reduced,completed,85,95,100
Joseph Garcia,female,group A,some high school,standard,none,71,83,77
Crystal Wood,male,group A,bachelor's degree,standard,none,66,64,62
Robert Tate,female,group B,associate's degree,standard,none,80,86,83
Kyle Martin,male,group C,associate's degree,standard,completed,87,100,95
Monique Acevedo,male,group C,master's degree,free/reduced,none,79,81,71
James Walsh,female,group E,some high school,free/reduced,none,38,49,45
Eric Conway,female,group A,some high school,free/reduced,none,38,43,43
Peter Johnston,female,group E,some college,standard,none,67,76,75
Charles Hicks DDS,female,group E,bachelor's degree,standard,none,64,73,70
Russell Phelps,female,group C,associate's degree,free/reduced,none,57,78,67
Jason Olsen,female,group D,high school,standard,none,62,64,64
Ashley Wolf,male,group D,master's degree,standard,none,73,70,75
Alfred Johnson,male,group E,some high school,free/reduced,completed,73,67,59
Sandra Grant,female,group D,some college,standard,none,77,68,77
Claudia West,male,group E,some college,standard,none,76,67,67
Jacob Prince,male,group C,associate's degree,standard,completed,57,54,56
Eric Ward,female,group C,some high school,standard,completed,65,74,77
Kelly Paul,male,group A,high school,free/reduced,none,48,45,41
Kayla Howard,female,group B,high school,free/reduced,none,50,67,63
Nathaniel Hawkins,female,group C,associate's degree,standard,none,85,89,95
Linda Hawkins,male,group B,some high school,standard,none,74,63,57
Nancy Hanson,male,group D,some high school,standard,none,60,59,54
William Keller,female,group C,some high school,standard,completed,59,54,67
Justin Stevenson,male,group A,some college,standard,none,53,43,43
Sheila Gross,female,group A,some college,free/reduced,none,49,65,55
Patricia Morrison,female,group D,high school,standard,completed,88,99,100
Joseph Mcmillan,female,group C,high school,standard,none,54,59,62
Dr. Jamie Hernandez,female,group C,some high school,standard,none,63,73,68
Jonathan Davenport DVM,male,group B,associate's degree,standard,completed,65,65,63
Kimberly Brooks,female,group B,associate's degree,standard,none,82,80,77
Sandra Castillo,female,group D,high school,free/reduced,completed,52,57,56
Shawn Wall,male,group D,associate's degree,standard,completed,87,84,85
Barbara Long,female,group D,master's degree,standard,completed,70,71,74
Mark Fleming,male,group E,some college,standard,completed,84,83,78
Teresa Garrett,male,group D,associate's degree,standard,none,71,66,60
Christina Dominguez,male,group B,some high school,standard,completed,63,67,67
Richard Walsh,female,group C,bachelor's degree,free/reduced,completed,51,72,79
Angela Berry,male,group E,high school,standard,none,84,73,69
Gregory Smith,male,group C,bachelor's degree,standard,completed,71,74,68
Danielle Rivera,male,group C,associate's degree,standard,none,74,73,67
Tracy Davis,male,group D,some college,standard,none,68,59,62
Connie White,male,group E,high school,free/reduced,completed,57,56,54
Erik Vargas,female,group C,associate's degree,free/reduced,completed,82,93,93
Dr. Nancy Yates MD,female,group D,high school,standard,completed,57,58,64
Claire Lee,female,group D,master's degree,free/reduced,completed,47,58,67
Rebecca Mills,female,group A,some high school,standard,completed,59,85,80
Timothy Dean,male,group B,some college,free/reduced,none,41,39,34
Austin Jackson,female,group C,some college,free/reduced,none,62,67,62
Sharon Yoder,male,group C,bachelor's degree,standard,none,86,83,86
Frances Cooper,male,group C,some high school,free/reduced,none,69,71,65
Michael Martinez,male,group A,some high school,free/reduced,none,65,59,53
Mark Golden,male,group C,some high school,free/reduced,none,68,63,54
Johnny Miller,male,group C,associate's degree,free/reduced,none,64,66,59
Anthony Sosa,female,group C,high school,standard,none,61,72,70
Cody Underwood,male,group C,high school,standard,none,61,56,55
Jonathan Fields,female,group A,some high school,free/reduced,none,47,59,50
Maria Bird,male,group C,some high school,standard,none,73,66,66
Steven Schroeder,male,group C,some college,free/reduced,completed,50,48,53
Lauren Frost,male,group D,associate's degree,standard,none,75,68,64
Samuel Gillespie DDS,male,group D,associate's degree,free/reduced,none,75,66,73
Jessica King,male,group C,high school,standard,none,70,56,51
Nicole Dominguez,male,group D,some high school,standard,completed,89,88,82
Cheyenne Fischer,female,group C,some college,standard,completed,67,81,79
Kayla Ellis,female,group D,high school,standard,none,78,81,80
Michael Miller,female,group A,some high school,free/reduced,none,59,73,69
Sheena Mcdonald,female,group B,associate's degree,standard,none,73,83,76
Derrick Bradford,male,group A,some high school,free/reduced,none,79,82,73
Jorge Palmer,female,group C,some high school,standard,completed,67,74,77
Tammy Hughes,male,group D,some college,free/reduced,none,69,66,60
Alexander Molina,male,group C,high school,standard,completed,86,81,80
Kenneth Brown,male,group B,high school,standard,none,47,46,42
Kristi Bell,male,group B,associate's degree,standard,none,81,73,72
Taylor King,female,group C,some college,free/reduced,completed,64,85,85
Heather Lowe,female,group E,some college,standard,none,100,92,97
Ronald Pierce,female,group C,associate's degree,free/reduced,none,65,77,74
Jasmine Valentine,male,group C,some college,free/reduced,none,65,58,49
Jessica Barnes,female,group C,associate's degree,free/reduced,none,53,61,62
Samuel Kelly,male,group C,bachelor's degree,free/reduced,none,37,56,47
Robert Jones,female,group D,bachelor's degree,standard,none,79,89,89
Tina Livingston,male,group D,associate's degree,free/reduced,none,53,54,48
Ronald Waters,female,group E,bachelor's degree,standard,none,100,100,100
Danny West,male,group B,high school,standard,completed,72,65,68
Dr. Mary Wyatt DDS,male,group C,bachelor's degree,free/reduced,none,53,58,55
Robert Jenkins,male,group B,some college,free/reduced,none,54,54,45
Sharon Walker,female,group E,some college,standard,none,71,70,76
Sarah Parrish,female,group C,some college,free/reduced,none,77,90,91
Timothy Harris,male,group A,bachelor's degree,standard,completed,75,58,62
Thomas Murphy,female,group C,some college,standard,none,84,87,91
Ronald Davis II,female,group D,associate's degree,free/reduced,none,26,31,38
Ellen Hanson,male,group A,high school,free/reduced,completed,72,67,65
Jose Hubbard,female,group A,high school,free/reduced,completed,77,88,85
Rebecca Rodriguez MD,male,group C,some college,standard,none,91,74,76
Joshua Wilson,female,group C,associate's degree,standard,completed,83,85,90
Veronica Flores,female,group C,high school,standard,none,63,69,74
Rachael Jackson,female,group C,associate's degree,standard,completed,68,86,84
John Jenkins,female,group D,some high school,standard,none,59,67,61
Julie Williams,female,group B,associate's degree,standard,completed,90,90,91
Jessica Cannon,female,group D,bachelor's degree,standard,completed,71,76,83
Evelyn Costa,male,group E,bachelor's degree,standard,completed,76,62,66
Trevor Marquez,male,group D,associate's degree,standard,none,80,68,72
Angela Holmes,female,group D,master's degree,standard,none,55,64,70
Carla Wells,male,group E,associate's degree,standard,none,76,71,67
Lauren Morris,male,group B,high school,standard,completed,73,71,68
Garrett Hubbard,female,group D,associate's degree,free/reduced,none,52,59,56
Roger Smith,male,group C,some college,free/reduced,none,68,68,61
Michael Smith,male,group A,high school,standard,none,59,52,46
Kristopher Ellis,female,group B,associate's degree,standard,none,49,52,54
Dwayne Jenkins,male,group C,high school,standard,none,70,74,71
Tony Curtis,male,group D,some college,free/reduced,none,61,47,56
Lauren Avila,female,group C,associate's degree,free/reduced,none,60,75,74
Crystal Clarke,male,group B,some high school,standard,completed,64,53,57
Erica Dominguez,male,group A,associate's degree,free/reduced,completed,79,82,82
Roberto Collins,female,group A,associate's degree,free/reduced,none,65,85,76
Audrey Jackson,female,group C,associate's degree,standard,none,64,64,70
Daniel Harris,female,group C,some college,standard,none,83,83,90
Amanda Lawrence,female,group C,bachelor's degree,standard,none,81,88,90
Paula Ramirez,female,group B,high school,standard,none,54,64,68
Sean Taylor,male,group D,high school,standard,completed,68,64,66
Danielle Parker,female,group C,some college,standard,none,54,48,52
Sandra Taylor,female,group D,some college,free/reduced,completed,59,78,76
Heidi Shannon,female,group B,some high school,standard,none,66,69,68
Darius Dawson,male,group E,some college,standard,none,76,71,72
Tracy Valentine MD,female,group D,master's degree,standard,none,74,79,82
Ryan Hall,female,group B,associate's degree,standard,completed,94,87,92
Paul Hunt,male,group C,some college,free/reduced,none,63,61,54
Kimberly Cooper,female,group E,associate's degree,standard,completed,95,89,92
Scott Payne,female,group D,master's degree,free/reduced,none,40,59,54
Jason Hughes,female,group B,some high school,standard,none,82,82,80
Megan Wagner,male,group A,high school,standard,none,68,70,66
Mr. William Hoffman,male,group B,bachelor's degree,free/reduced,none,55,59,54
Joshua Rice,male,group C,master's degree,standard,none,79,78,77
Laura Rodriguez,female,group C,bachelor's degree,standard,none,86,92,87
Dr. Teresa Contreras,male,group D,some college,standard,none,76,71,73
Kerry James,male,group A,some high school,standard,none,64,50,43
Amy Boyd,male,group D,some high school,free/reduced,none,62,49,52
Michael Simpson,female,group B,some high school,standard,completed,54,61,62
Dana Watson,female,group B,master's degree,free/reduced,completed,77,97,94
Chelsea Robinson,female,group C,some high school,standard,completed,76,87,85
Christopher Bell,female,group D,some college,standard,none,74,89,84
Rachel Mccoy,female,group E,some college,standard,completed,66,74,73
Kathryn Hill,female,group D,some high school,standard,completed,66,78,78
Ashley Clark,female,group B,high school,free/reduced,completed,67,78,79
David Meadows,male,group D,some college,standard,none,71,49,52
Shane Fitzpatrick,female,group C,associate's degree,standard,none,91,86,84
Kelsey Frazier,male,group D,bachelor's degree,standard,none,69,58,57
Christina Green,male,group C,master's degree,free/reduced,none,54,59,50
Joyce Stevens,male,group C,high school,standard,completed,53,52,49
Michael Flowers,male,group E,some college,standard,none,68,60,59
Javier Molina,male,group C,some high school,free/reduced,completed,56,61,60
Donna Walters,female,group C,high school,free/reduced,none,36,53,43
Stephanie Munoz,female,group D,bachelor's degree,free/reduced,none,29,41,47
Russell Burch,female,group C,associate's degree,standard,none,62,74,70
Rebecca Hill,female,group C,associate's degree,standard,completed,68,67,73
Amy Rodriguez,female,group C,some high school,standard,none,47,54,53
Chloe Diaz,male,group E,associate's degree,standard,completed,62,61,58
Daniel Robinson,female,group E,associate's degree,standard,completed,79,88,94
William Brown,male,group B,high school,standard,completed,73,69,68
Christopher Bennett,female,group C,bachelor's degree,free/reduced,completed,66,83,83
Brooke Schneider,male,group C,associate's degree,standard,completed,51,60,58
Heather Barrett,female,group D,high school,standard,none,51,66,62
Corey Wong,male,group E,bachelor's degree,standard,completed,85,66,71
Sean Schneider,male,group A,associate's degree,standard,completed,97,92,86
Jonathan Jackson,male,group C,high school,standard,completed,75,69,68
Sheila Oneill,male,group D,associate's degree,free/reduced,completed,79,82,80
Benjamin Liu,female,group C,associate's degree,standard,none,81,77,79
Amanda Smith,female,group D,associate's degree,standard,none,82,95,89
Amanda Ramirez,female,group D,master's degree,standard,none,64,63,66
Albert Johnson,male,group E,some high school,free/reduced,completed,78,83,80
Michael Gonzalez,female,group A,some high school,standard,completed,92,100,97
Daniel Pierce,male,group C,high school,standard,completed,72,67,64
Richard Fletcher,female,group C,high school,free/reduced,none,62,67,64
Sara Barnett,male,group C,master's degree,standard,none,79,72,69
Christopher Hart,male,group C,some high school,free/reduced,none,79,76,65
Cassandra Trevino,male,group B,bachelor's degree,free/reduced,completed,87,90,88
Kristine Jackson,female,group B,associate's degree,standard,none,40,48,50
Michael Barnett,male,group D,some college,free/reduced,none,77,62,64
Jimmy Wallace,male,group E,associate's degree,standard,none,53,45,40
Rachel Baker,female,group C,some college,free/reduced,none,32,39,33
Jasmine Villa,female,group C,associate's degree,standard,completed,55,72,79
Laura Larson,male,group C,master's degree,free/reduced,none,61,67,66
Valerie Lucero,female,group B,associate's degree,free/reduced,none,53,70,70
Laura Spencer,male,group D,some high school,standard,none,73,66,62
Angela Rodriguez,female,group D,some college,standard,completed,74,75,79
Victoria Lopez,female,group C,some college,standard,none,63,74,74
William Gross,male,group C,bachelor's degree,standard,completed,96,90,92
Brooke Banks,female,group D,some college,free/reduced,completed,63,80,80
Lisa Russell,male,group B,bachelor's degree,free/reduced,none,48,51,46
Joanna Shelton,male,group B,associate's degree,standard,none,48,43,45
Amanda Welch,female,group E,bachelor's degree,free/reduced,completed,92,100,100
Jared Graham,female,group D,master's degree,free/reduced,completed,61,71,78
Philip Vincent,male,group B,high school,free/reduced,none,63,48,47
Andrew Hughes,male,group D,bachelor's degree,free/reduced,none,68,68,67
Krystal Alvarado,male,group B,some college,standard,completed,71,75,70
Aimee Hill,male,group A,bachelor's degree,standard,none,91,96,92
Hannah White,female,group C,some college,standard,none,53,62,56
Deanna Vargas,female,group C,high school,free/reduced,completed,50,66,64
Eileen Gaines,female,group E,high school,standard,none,74,81,71
Victoria Mcknight,male,group A,associate's degree,free/reduced,completed,40,55,53
Brandy Ayala,male,group A,some college,standard,completed,61,51,52
Timothy Campbell,female,group B,high school,standard,none,81,91,89
Cameron Galloway,female,group B,some college,free/reduced,completed,48,56,58
Susan Mercer,female,group D,master's degree,standard,none,53,61,68
Katrina Shields,female,group D,some high school,standard,none,81,97,96
Maria Martinez,female,group E,some high school,standard,none,77,79,80
Gerald Stone,female,group D,bachelor's degree,free/reduced,none,63,73,78
Kristen Woods,female,group D,associate's degree,standard,completed,73,75,80
Joel Gardner,female,group D,some college,standard,none,69,77,77
Angie Anderson,female,group C,associate's degree,standard,none,65,76,76
Cathy Gonzalez,female,group A,high school,standard,none,55,73,73
Alexandra Fleming,female,group C,bachelor's degree,free/reduced,none,44,63,62
Jeremy Russell,female,group C,some college,standard,none,54,64,65
Taylor Thomas,female,group A,some high school,standard,none,48,66,65
Melissa Brown,male,group C,some college,free/reduced,none,58,57,54
James Hernandez,male,group A,some high school,standard,none,71,62,50
William Nelson,male,group E,bachelor's degree,standard,none,68,68,64
Daniel Ellis,female,group E,high school,standard,none,74,76,73
Victoria Williamson,female,group C,bachelor's degree,standard,completed,92,100,99
Brian Sloan,female,group C,bachelor's degree,standard,completed,56,79,72
Mr. Jason Russell MD,male,group B,high school,free/reduced,none,30,24,15
Michael Salazar,male,group A,some high school,standard,none,53,54,48
Nicole Harper,female,group D,high school,standard,none,69,77,73
Steven Daniels,female,group D,some high school,standard,none,65,82,81
Jason Hutchinson,female,group D,master's degree,standard,none,54,60,63
Ralph Zhang,female,group C,high school,standard,none,29,29,30
Kelly Walters,female,group E,some college,standard,none,76,78,80
Daniel Franklin,male,group D,high school,free/reduced,none,60,57,51
Haley Hill,male,group D,master's degree,free/reduced,completed,84,89,90
Stephanie Hernandez,male,group C,some high school,standard,none,75,72,62
Nathan Austin,female,group C,associate's degree,standard,none,85,84,82
Ashley Davis,female,group C,master's degree,free/reduced,none,40,58,54
Jerry Gonzalez,female,group E,some college,standard,none,61,64,62
Michael Williams,female,group B,associate's degree,standard,none,58,63,65
Christine Benton,male,group D,some college,free/reduced,completed,69,60,63
Daniel Arnold,female,group C,some college,standard,none,58,59,66
Joshua Becker,male,group C,bachelor's degree,standard,completed,94,90,91
Brian Medina,female,group C,associate's degree,standard,none,65,77,74
Philip Harrison,female,group A,associate's degree,standard,none,82,93,93
Matthew Wilcox,female,group C,high school,standard,none,60,68,72
Henry Thornton,female,group E,bachelor's degree,standard,none,37,45,38
Tamara Hartman,male,group D,bachelor's degree,standard,none,88,78,83
Laurie Chandler,male,group D,master's degree,standard,none,95,81,84
Rebecca Thompson,male,group C,associate's degree,free/reduced,completed,65,73,68
James Collins,female,group C,high school,free/reduced,none,35,61,54
Veronica Osborn,male,group B,bachelor's degree,free/reduced,none,62,63,56
Brianna Cook,male,group C,high school,free/reduced,completed,58,51,52
Zachary Burgess,male,group A,some college,standard,completed,100,96,86
Richard Lawrence,female,group E,bachelor's degree,free/reduced,none,61,58,62
Jill Allen,male,group D,some college,standard,completed,100,97,99
Timothy Hoover,male,group B,associate's degree,free/reduced,completed,69,70,63
Timothy Wilson,male,group D,associate's degree,standard,none,61,48,46
Robin Gonzalez,male,group D,some college,free/reduced,none,49,57,46
John Fitzpatrick,female,group C,some high school,standard,completed,44,51,55
Amber Escobar,male,group D,some college,standard,none,67,64,70
Patricia Jacobson,male,group B,high school,standard,none,79,60,65
Alan Moore,female,group B,bachelor's degree,standard,completed,66,74,81
Bradley Greene,female,group C,high school,standard,none,75,88,85
John Hooper,male,group D,some high school,standard,none,84,84,80
Anthony Shaw,male,group A,high school,standard,none,71,74,64
Jeremy Foster,female,group B,high school,free/reduced,completed,67,80,81
Christopher Taylor,female,group D,some high school,standard,completed,80,92,88
Carolyn Porter,male,group E,some college,standard,none,86,76,74
Malik Delacruz,female,group D,associate's degree,standard,none,76,74,73
Karen Martin,male,group D,high school,standard,none,41,52,51
Zachary Woodard,female,group D,associate's degree,free/reduced,completed,74,88,90
Elizabeth Snyder,female,group B,some high school,free/reduced,none,72,81,79
Bailey Pacheco,female,group E,high school,standard,completed,74,79,80
Laura Wolfe,male,group B,high school,standard,none,70,65,60
Amy Murphy,female,group B,bachelor's degree,standard,completed,65,81,81
Tyler Hicks,female,group D,associate's degree,standard,none,59,70,65
James Parker,female,group E,high school,free/reduced,none,64,62,68
Stacy Powell,female,group B,high school,standard,none,50,53,55
Regina Garza,female,group D,some college,standard,completed,69,79,81
Joshua Guerrero,male,group C,some high school,free/reduced,completed,51,56,53
Kara Lewis,female,group A,high school,standard,completed,68,80,76
Marc Wells,female,group D,some college,standard,completed,85,86,98
Nina Stout,female,group A,associate's degree,standard,completed,65,70,74
Gail Townsend,female,group B,some high school,standard,none,73,79,79
Cheyenne Davis,female,group B,some college,standard,none,62,67,67
Chad Jenkins,male,group C,associate's degree,free/reduced,none,77,67,64
Sabrina Wright,male,group D,some high school,standard,none,69,66,61
Angela King,female,group D,associate's degree,free/reduced,none,43,60,58
Teresa Krueger,male,group D,associate's degree,standard,none,90,87,85
Michelle Williams,male,group C,some college,free/reduced,none,74,77,73
Patricia Hatfield,male,group C,some high school,standard,none,73,66,63
Brenda Beck,female,group D,some college,free/reduced,none,55,71,69
Erin Robinson,female,group C,high school,standard,none,65,69,67
Thomas Boyd,male,group D,associate's degree,standard,none,80,63,63
Melissa Sherman,female,group C,some high school,free/reduced,completed,50,60,60
Thomas Vazquez,female,group C,some college,free/reduced,completed,63,73,71
David Sanders,female,group B,bachelor's degree,free/reduced,none,77,85,87
Brooke Mayo,male,group C,some college,standard,none,73,74,61
Mr. Matthew Hampton,male,group D,associate's degree,standard,completed,81,72,77
Edward Gilbert,female,group C,high school,free/reduced,none,66,76,68
Brian Ellis,male,group D,associate's degree,free/reduced,none,52,57,50
Kathleen Hill,female,group C,some college,standard,none,69,78,76
Patrick Brooks,female,group C,associate's degree,standard,completed,65,84,84
Julie Villa,female,group D,high school,standard,completed,69,77,78
Joy Peterson,female,group B,some college,standard,completed,50,64,66
Derek Murray,female,group E,some college,standard,completed,73,78,76
Joanna Cook,female,group C,some high school,standard,completed,70,82,76
Shelley Hill,male,group D,associate's degree,free/reduced,none,81,75,78
Debra Reyes,male,group D,some college,free/reduced,none,63,61,60
Kelsey Blake,female,group D,high school,standard,none,67,72,74
Kevin Fitzgerald,male,group B,high school,standard,none,60,68,60
Mitchell Kim,male,group B,high school,standard,none,62,55,54
Joshua Cole,female,group C,some high school,free/reduced,completed,29,40,44
Jesse Matthews,male,group B,some college,standard,completed,62,66,68
Mr. Joseph Keller,female,group E,master's degree,standard,completed,94,99,100
Lindsay Kim,male,group E,some college,standard,completed,85,75,68
Mary Clayton,male,group D,associate's degree,free/reduced,none,77,78,73
Taylor Coleman,male,group A,high school,free/reduced,none,53,58,44
Jamie Garcia,male,group E,some college,free/reduced,none,93,90,83
Shawna Decker,female,group C,associate's degree,standard,none,49,53,53
Amanda Levine,female,group E,associate's degree,free/reduced,none,73,76,78
Rebecca Smith,female,group C,bachelor's degree,free/reduced,completed,66,74,81
Dale Anderson,female,group D,associate's degree,standard,none,77,77,73
Anthony Campos,female,group C,some high school,standard,none,49,63,56
Thomas Arnold,female,group D,some college,free/reduced,none,79,89,86
James Meyer,female,group C,associate's degree,standard,completed,75,82,90
William Chen,female,group A,bachelor's degree,standard,none,59,72,70
Anna Henry,female,group D,associate's degree,standard,completed,57,78,79
Tammie Griffith,male,group C,high school,free/reduced,none,66,66,59
Paul Jackson,female,group E,bachelor's degree,standard,completed,79,81,82
Daniel Douglas,female,group B,some high school,standard,none,57,67,72
Jenna Sutton,male,group A,bachelor's degree,standard,completed,87,84,87
Erin Smith,female,group D,some college,standard,none,63,64,67
Janice Collins,female,group B,some high school,free/reduced,completed,59,63,64
Elizabeth Walker,male,group A,bachelor's degree,free/reduced,none,62,72,65
Janice Campbell,male,group D,high school,standard,none,46,34,36
Jay Oliver,male,group C,some college,standard,none,66,59,52
Melanie Hall,male,group D,high school,standard,none,89,87,79
Zachary Perkins,female,group D,associate's degree,free/reduced,completed,42,61,58
Heather Grimes,male,group C,some college,standard,completed,93,84,90
Christopher Wells,female,group E,some high school,standard,completed,80,85,85
Gerald Walker,female,group D,some college,standard,none,98,100,99
William Burton,male,group D,master's degree,standard,none,81,81,84
Stephanie Frazier,female,group B,some high school,standard,completed,60,70,74
Yvonne Wilson,female,group B,associate's degree,free/reduced,completed,76,94,87
Lori Harrison,male,group C,associate's degree,standard,completed,73,78,72
Denise Fox,female,group C,associate's degree,standard,completed,96,96,99
Kevin Russo,female,group C,high school,standard,none,76,76,74
Donald Holland,male,group E,associate's degree,free/reduced,completed,91,73,80
Kevin Garcia,female,group C,some college,free/reduced,none,62,72,70
Megan Turner,male,group D,some high school,free/reduced,completed,55,59,59
Glenn Gill,female,group B,some high school,free/reduced,completed,74,90,88
Timothy Smith,male,group C,high school,standard,none,50,48,42
Caleb Sims,male,group B,some college,standard,none,47,43,41
Kim Skinner,male,group E,some college,standard,completed,81,74,71
Melissa Perry,female,group E,associate's degree,standard,completed,65,75,77
Sergio Garcia,male,group E,some high school,standard,completed,68,51,57
Hannah Lawson,female,group D,high school,free/reduced,none,73,92,84
Elaine Bryan,male,group C,some college,standard,none,53,39,37
Shawn Bell,female,group B,associate's degree,free/reduced,completed,68,77,80
Jeffrey Watson,male,group A,some high school,free/reduced,none,55,46,43
Nicole Jones,female,group C,some college,standard,completed,87,89,94
Danny Murphy,male,group D,some high school,standard,none,55,47,44
Justin Green,female,group E,some college,free/reduced,none,53,58,57
Robert Johnson,male,group C,master's degree,standard,none,67,57,59
Devin Guzman,male,group C,associate's degree,standard,none,92,79,84
Michael Cummings,female,group B,some college,free/reduced,completed,53,66,73
Abigail Kim,male,group D,associate's degree,standard,none,81,71,73
Aaron Robinson,male,group C,high school,free/reduced,none,61,60,55
Marvin Scott,male,group D,bachelor's degree,standard,none,80,73,72
Steven Berry,female,group A,associate's degree,free/reduced,none,37,57,56
Oscar Jones,female,group C,high school,standard,none,81,84,82
Christina Long,female,group C,associate's degree,standard,completed,59,73,72
Ronald Andrews,male,group B,some college,free/reduced,none,55,55,47
Breanna Stokes,male,group D,associate's degree,standard,none,72,79,74
Max Collins,male,group D,high school,standard,none,69,75,71
Joan Taylor,male,group C,some college,standard,none,69,64,68
Lawrence Wilson,female,group C,bachelor's degree,free/reduced,none,50,60,59
Jeffrey Hickman,male,group B,some college,standard,completed,87,84,86
Eric Wilson,male,group D,some high school,standard,completed,71,69,68
Kathy Diaz,male,group E,some college,standard,none,68,72,65
Julie Hess,male,group C,master's degree,free/reduced,completed,79,77,75
Jason Boone DDS,female,group C,some high school,standard,completed,77,90,85
Megan Lambert,male,group C,associate's degree,free/reduced,none,58,55,53
Christopher Flores,female,group E,associate's degree,standard,none,84,95,92
William Singh,male,group D,some college,standard,none,55,58,52
Rachel Greer,male,group E,bachelor's degree,free/reduced,completed,70,68,72
Rachel Benitez,female,group D,some college,free/reduced,completed,52,59,65
Brian Rice,male,group B,some college,standard,completed,69,77,77
Leah Lee,female,group C,high school,free/reduced,none,53,72,64
Todd Hamilton,female,group D,some high school,standard,none,48,58,54
Mark Boyd,male,group D,some high school,standard,completed,78,81,86
Crystal Nguyen,female,group B,high school,standard,none,62,62,63
John Lee,male,group D,some college,standard,none,60,63,59
Kristi Hill,female,group B,high school,standard,none,74,72,72
Deborah Mccoy,female,group C,high school,standard,completed,58,75,77
Jeffrey Burton,male,group B,high school,standard,completed,76,62,60
Janice Johnson,female,group D,some high school,standard,none,68,71,75
Nicole Johnson,male,group A,some college,free/reduced,none,58,60,57
Leslie Woods,male,group B,high school,standard,none,52,48,49
Gina Davidson,male,group D,bachelor's degree,standard,none,75,73,74
Dave Daugherty,female,group B,some high school,free/reduced,completed,52,67,72
Audrey Rhodes,female,group C,bachelor's degree,free/reduced,none,62,78,79
Michael Adams,male,group B,some college,standard,none,66,65,60
Kristine Morgan,female,group B,some high school,free/reduced,none,49,58,55
Edwin Murphy,female,group B,high school,standard,none,66,72,70
Frederick Clark,female,group C,some college,free/reduced,none,35,44,43
Heidi Brennan,female,group A,some college,standard,completed,72,79,82
Jill Marshall,male,group E,associate's degree,standard,completed,94,85,82
Adam Love,female,group D,associate's degree,free/reduced,none,46,56,57
Adam Mack,female,group B,master's degree,standard,none,77,90,84
Alexandra Burke,female,group B,high school,free/reduced,completed,76,85,82
Pamela Fry,female,group C,associate's degree,standard,completed,52,59,62
Austin Peterson,male,group C,bachelor's degree,standard,completed,91,81,79
Jose Tran,female,group B,some high school,standard,completed,32,51,44
Taylor Brown,female,group E,some high school,free/reduced,none,72,79,77
Drew Gonzalez,female,group B,some college,standard,none,19,38,32
Shari Rasmussen,male,group C,associate's degree,free/reduced,none,68,65,61
Cynthia Green,female,group C,master's degree,free/reduced,none,52,65,61
Karen Ware,female,group B,high school,standard,none,48,62,60
Michael Collins,female,group D,some college,free/reduced,none,60,66,70
Earl Mccarthy,male,group D,high school,free/reduced,none,66,74,69
Timothy Clark,male,group E,some high school,standard,completed,89,84,77
Kelsey Nichols,female,group B,high school,standard,none,42,52,51
Casey Quinn,female,group E,associate's degree,free/reduced,completed,57,68,73
Tiffany Reid,male,group D,high school,standard,none,70,70,70
David Bryant,female,group E,associate's degree,free/reduced,none,70,84,81
Dawn Mason,male,group E,some college,standard,none,69,60,54
Nicole Brown,female,group C,associate's degree,standard,none,52,55,57
Victoria Grimes,male,group C,some high school,standard,completed,67,73,68
Lauren Ward,male,group C,some high school,standard,completed,76,80,73
Judith Bryan,female,group E,associate's degree,standard,none,87,94,95
Douglas Bailey,female,group B,some college,standard,none,82,85,87
Patricia Harris,female,group C,some college,standard,none,73,76,78
Eric Barnett,male,group A,some college,free/reduced,none,75,81,74
Eric Garrett,female,group D,some college,free/reduced,none,64,74,75
Katherine Kim,female,group E,high school,free/reduced,none,41,45,40
Kelsey Baker,male,group C,high school,standard,none,90,75,69
Robert Boone,male,group B,bachelor's degree,standard,none,59,54,51
Mary Henderson,male,group A,some high school,standard,none,51,31,36
Kim Rubio,male,group A,high school,free/reduced,none,45,47,49
Diana Brewer,female,group C,master's degree,standard,completed,54,64,67
Robert Martinez,male,group E,some high school,standard,completed,87,84,76
Sandra Durham,female,group C,high school,standard,none,72,80,83
Michael Shaffer,male,group B,some high school,standard,completed,94,86,87
Kayla Smith,female,group A,bachelor's degree,standard,none,45,59,64
Ashley Kennedy,male,group D,bachelor's degree,free/reduced,completed,61,70,76
Manuel Martinez,female,group B,high school,free/reduced,none,60,72,68
Sara Hunt,female,group C,some high school,standard,none,77,91,88
Troy Wood,female,group A,some high school,standard,completed,85,90,92
Whitney Walker,female,group D,bachelor's degree,free/reduced,none,78,90,93
Jason Freeman,male,group E,some college,free/reduced,completed,49,52,51
Stephanie Bean,female,group B,high school,free/reduced,none,71,87,82
Paul Shaw,female,group C,some high school,free/reduced,none,48,58,52
Stephanie King,male,group C,high school,standard,none,62,67,58
Timothy Thomas,female,group C,associate's degree,free/reduced,completed,56,68,70
Renee Martinez,female,group C,some high school,standard,none,65,69,76
Deborah Edwards,female,group D,some high school,free/reduced,completed,69,86,81
Charles Grant,male,group B,some high school,standard,none,68,54,53
Wesley Davis,female,group A,some college,free/reduced,none,61,60,57
Jason James,female,group C,bachelor's degree,free/reduced,completed,74,86,89
Keith Walker,male,group A,bachelor's degree,standard,none,64,60,58
Megan Flores,female,group B,high school,standard,completed,77,82,89
Zachary Nguyen,male,group B,some college,standard,none,58,50,45
Joseph Gomez,female,group C,high school,standard,completed,60,64,74
Nicole Perez,male,group E,high school,standard,none,73,64,57
Stacy Cruz,female,group A,high school,standard,completed,75,82,79
Randall Thompson,male,group B,associate's degree,free/reduced,completed,58,57,53
Regina Hodges,female,group C,associate's degree,standard,none,66,77,73
Tiffany Bridges,female,group D,high school,free/reduced,none,39,52,46
Elizabeth Dean,male,group C,some high school,standard,none,64,58,51
Daniel Flowers,female,group B,high school,free/reduced,completed,23,44,36
Nathan Porter,male,group B,some college,free/reduced,completed,74,77,76
Valerie Norton,female,group D,some high school,free/reduced,completed,40,65,64
Austin Jacobson,male,group E,master's degree,standard,none,90,85,84
Blake Young,male,group C,master's degree,standard,completed,91,85,85
Debbie Shaw,male,group D,high school,standard,none,64,54,50
Sandra Ward,female,group C,high school,standard,none,59,72,68
Steven Schultz,male,group D,associate's degree,standard,none,80,75,69
Benjamin Johnson,male,group C,master's degree,standard,none,71,67,67
Madison Russell,female,group A,high school,standard,none,61,68,63
Ian Molina,female,group E,some college,standard,none,87,85,93
Theresa Lewis,male,group E,some high school,standard,none,82,67,61
Paula Lawson,male,group C,some high school,standard,none,62,64,55
Andrew Burns,female,group B,bachelor's degree,standard,none,97,97,96
Kenneth Pearson,male,group B,some college,free/reduced,none,75,68,65
Theresa Norman,female,group C,bachelor's degree,standard,none,65,79,81
Christopher Martinez,male,group B,high school,standard,completed,52,49,46
Michelle Ruiz,male,group C,associate's degree,free/reduced,none,87,73,72
Nicholas Ryan,female,group C,associate's degree,standard,none,53,62,53
James Wells,female,group E,master's degree,free/reduced,none,81,86,87
James Hahn,male,group D,bachelor's degree,free/reduced,completed,39,42,38
Albert Williams,female,group C,some college,standard,completed,71,71,80
Drew Gamble,male,group C,associate's degree,standard,none,97,93,91
Mr. Cory Reed,male,group D,some college,standard,completed,82,82,88
Eric Chandler,male,group C,high school,free/reduced,none,59,53,52
Catherine Park,male,group B,associate's degree,standard,none,61,42,41
Kirsten Oconnor,male,group E,associate's degree,free/reduced,completed,78,74,72
Sally Lynn,male,group C,associate's degree,free/reduced,none,49,51,51
Todd Miller,male,group B,high school,standard,none,59,58,47
Dana Vargas,female,group C,some college,standard,completed,70,72,76
Jeremiah Shelton,male,group B,associate's degree,standard,completed,82,84,78
Belinda Thornton,male,group E,associate's degree,free/reduced,none,90,90,82
Richard Simon,female,group C,bachelor's degree,free/reduced,none,43,62,61
Mrs. Karen Morgan MD,male,group C,some college,free/reduced,none,80,64,66
Anthony Ray,male,group D,some college,standard,none,81,82,84
Norma Harris,male,group C,some high school,standard,none,57,61,54
Courtney Wright,female,group D,some high school,standard,none,59,72,80
Scott Thompson,female,group D,associate's degree,standard,none,64,76,74
Kenneth Andrews,male,group C,bachelor's degree,standard,completed,63,64,66
Julie King,female,group E,bachelor's degree,standard,completed,71,70,70
Laurie Dominguez,female,group B,high school,free/reduced,none,64,73,71
Stephanie Mcgee,male,group D,bachelor's degree,free/reduced,none,55,46,44
Alyssa Johnson,female,group E,associate's degree,standard,none,51,51,54
Scott Duran,female,group C,associate's degree,standard,completed,62,76,80
Philip Horn,female,group E,associate's degree,standard,completed,93,100,95
Robert Moore,male,group C,high school,free/reduced,none,54,72,59
Debra Atkins,female,group D,some college,free/reduced,none,69,65,74
Jeremy Clark,male,group D,high school,free/reduced,none,44,51,48
Whitney Lee,female,group E,some college,standard,completed,86,85,91
Deanna Robinson,female,group E,associate's degree,standard,none,85,92,85
Thomas Taylor,female,group A,master's degree,free/reduced,none,50,67,73
Bryce Phelps,male,group D,some high school,standard,completed,88,74,75
Amanda Gomez,female,group E,associate's degree,standard,none,59,62,69
Andrew Valencia,female,group E,some high school,free/reduced,none,32,34,38
Edward Blanchard,male,group B,high school,free/reduced,none,36,29,27
Summer Sharp,female,group B,some high school,free/reduced,completed,63,78,79
Stephanie Bryant,male,group D,associate's degree,standard,completed,67,54,63
Stephen Riley,female,group D,some high school,standard,completed,65,78,82
Mark Hoffman,male,group D,master's degree,standard,none,85,84,89
Alicia Hanna,female,group C,master's degree,standard,none,73,78,74
Brandi Mora,female,group A,high school,free/reduced,completed,34,48,41
Sherry Wilson,female,group D,bachelor's degree,free/reduced,completed,93,100,100
Theodore Henderson,female,group D,some high school,free/reduced,none,67,84,84
Erin Hood,male,group D,some college,standard,none,88,77,77
Dylan Baker,male,group B,high school,standard,none,57,48,51
Taylor Vega,female,group D,some college,standard,completed,79,84,91
Jeffrey Blake,female,group C,bachelor's degree,free/reduced,none,67,75,72
Richard Calderon,male,group E,bachelor's degree,standard,completed,70,64,70
Miss Carla Ford,male,group D,bachelor's degree,free/reduced,none,50,42,48
Elizabeth Kennedy,female,group A,some college,standard,none,69,84,82
Jessica Torres,female,group C,bachelor's degree,standard,completed,52,61,66
Emily Rowe,female,group C,bachelor's degree,free/reduced,completed,47,62,66
Jacob Wagner,female,group B,associate's degree,free/reduced,none,46,61,55
Bryan Scott,female,group E,some college,standard,none,68,70,66
Bethany Lee,male,group E,bachelor's degree,standard,completed,100,100,100
Katherine Perez,female,group C,high school,standard,none,44,61,52
Nancy Johnson,female,group C,associate's degree,standard,completed,57,77,80
Joseph Kirby,male,group B,some college,standard,completed,91,96,91
Melanie Green,male,group D,high school,free/reduced,none,69,70,67
Donna Sims,female,group C,high school,free/reduced,none,35,53,46
Martha Knox,male,group D,high school,standard,none,72,66,66
Tracy Fernandez,female,group B,associate's degree,free/reduced,none,54,65,65
Heather Erickson,male,group D,high school,free/reduced,none,74,70,69
Dale Manning,male,group E,some high school,standard,completed,74,64,60
Anthony Blake,male,group E,associate's degree,free/reduced,none,64,56,52
Mercedes Cobb,female,group D,high school,free/reduced,completed,65,61,71
Andrea Wilson,male,group E,associate's degree,free/reduced,completed,46,43,44
Christopher Coleman,female,group C,some high school,free/reduced,none,48,56,51
Collin Edwards,male,group C,some college,free/reduced,completed,67,74,70
Michael Hernandez,male,group D,some college,free/reduced,none,62,57,62
Mark Brooks,male,group D,associate's degree,free/reduced,completed,61,71,73
Gerald Henry,male,group C,bachelor's degree,free/reduced,completed,70,75,74
Daniel Ferguson,male,group C,associate's degree,standard,completed,98,87,90
Benjamin Williams,male,group D,some college,free/reduced,none,70,63,58
Teresa Mason,male,group A,associate's degree,standard,none,67,57,53
Cheryl Davenport,female,group E,high school,free/reduced,none,57,58,57
Patricia Hahn,male,group D,some college,standard,completed,85,81,85
Melinda Martinez,male,group D,some high school,standard,completed,77,68,69
Jennifer Neal,male,group C,master's degree,free/reduced,completed,72,66,72
Andrew May,female,group D,master's degree,standard,none,78,91,96
Anthony Jenkins,male,group C,high school,standard,none,81,66,64
Erica Werner,male,group A,some high school,free/reduced,completed,61,62,61
Nichole Turner,female,group B,high school,standard,none,58,68,61
Karen Wright,female,group C,associate's degree,standard,none,54,61,58
Matthew Bell,male,group B,high school,standard,none,82,82,80
Amanda Johns,female,group D,some college,free/reduced,none,49,58,60
Richard Ward,male,group B,some high school,free/reduced,completed,49,50,52
Scott Warren,female,group E,high school,free/reduced,completed,57,75,73
Ronald Burns,male,group E,high school,standard,none,94,73,71
Mrs. Angelica Dean,female,group D,some college,standard,completed,75,77,83
Dominique Crawford,female,group E,some high school,free/reduced,none,74,74,72
Steven Allen,male,group C,high school,standard,completed,58,52,54
Valerie Knight,female,group C,some college,standard,none,62,69,69
Thomas Gentry,male,group E,associate's degree,standard,none,72,57,62
Alexis Hunt,male,group C,some college,standard,none,84,87,81
Anthony Hendricks,female,group D,master's degree,standard,none,92,100,100
Julia Hansen,female,group D,high school,standard,none,45,63,59
Krystal Buchanan,male,group C,high school,standard,none,75,81,71
Wendy Meyer,female,group A,some college,standard,none,56,58,64
John Holt,female,group D,some high school,free/reduced,none,48,54,53
Jennifer Mosley,female,group E,associate's degree,standard,none,100,100,100
Brittany Dixon,female,group C,some high school,free/reduced,completed,65,76,75
Jason Gonzales,male,group D,some college,standard,none,72,57,58
Andrew Kelly,female,group D,some college,standard,none,62,70,72
Emily Bell,male,group A,some high school,standard,completed,66,68,64
Aimee Marsh,male,group C,some college,standard,none,63,63,60
Patricia Webb,female,group E,associate's degree,standard,none,68,76,67
James Mcdaniel,female,group B,bachelor's degree,standard,none,75,84,80
Noah Moore,female,group D,bachelor's degree,standard,none,89,100,100
Amanda Martinez,male,group C,some high school,standard,completed,78,72,69
Stephen Lewis,female,group A,high school,free/reduced,completed,53,50,60
Frances Fields,female,group D,some college,free/reduced,none,49,65,61
Emily Kim,female,group A,some college,standard,none,54,63,67
Harold Carroll,female,group C,some college,standard,completed,64,82,77
Debra Young,male,group B,some college,free/reduced,completed,60,62,60
Stephanie Weaver,male,group C,associate's degree,standard,none,62,65,58
Shawn Coleman,male,group D,high school,standard,completed,55,41,48
Paige Cooper,female,group C,associate's degree,standard,none,91,95,94
Larry Brown,female,group B,high school,free/reduced,none,8,24,23
Eric Monroe,male,group D,some high school,standard,none,81,78,78
James Holmes,male,group B,some high school,standard,completed,79,85,86
Jennifer Dixon,female,group A,some college,standard,completed,78,87,91
Amanda Baker,female,group C,some high school,standard,none,74,75,82
William Hansen,male,group A,high school,standard,none,57,51,54
Alisha Scott,female,group C,associate's degree,standard,none,40,59,51
Paul Barnett,male,group E,some high school,standard,completed,81,75,76
Beth Bailey,female,group A,some high school,free/reduced,none,44,45,45
Beverly Ward,female,group D,some college,free/reduced,completed,67,86,83
Stacy Gonzales MD,male,group E,high school,free/reduced,completed,86,81,75
Tabitha Stout,female,group B,some high school,standard,completed,65,82,78
Richard Bell,female,group D,associate's degree,free/reduced,none,55,76,76
Jason Parker,female,group D,bachelor's degree,free/reduced,none,62,72,74
Cathy Miller,male,group A,high school,standard,none,63,63,62
Christine Morris,female,group E,master's degree,standard,completed,88,99,95
Darlene Ross,male,group C,high school,free/reduced,none,62,55,55
Lauren Frederick,female,group C,high school,free/reduced,completed,59,71,65
Christopher Brown,female,group D,some college,standard,completed,68,78,77
Michelle Norris,female,group D,some college,free/reduced,none,77,86,86
